<ImportExportXml version="9.2.22113.178" SolutionPackageVersion="9.2" languagecode="2070" generatedBy="CrmLive" xmlns:xsi="http://www.w3.org/2001/XMLSchema-instance">
  <SolutionManifest>
    <UniqueName>VolunteerRequest</UniqueName>
    <LocalizedNames>
      <LocalizedName description="Volunteer Request" languagecode="2070" />
    </LocalizedNames>
    <Descriptions>
      <Description description="Atualização do Volunteer Request" languagecode="2070" />
    </Descriptions>
    <Version>1.1.0.1</Version>
    <Managed>0</Managed>
    <Publisher>
      <UniqueName>Cr3cc12</UniqueName>
      <LocalizedNames>
        <LocalizedName description="CDS Default Publisher" languagecode="2070" />
      </LocalizedNames>
      <Descriptions />
      <EMailAddress xsi:nil="true"></EMailAddress>
      <SupportingWebsiteUrl xsi:nil="true"></SupportingWebsiteUrl>
      <CustomizationPrefix>cr483</CustomizationPrefix>
      <CustomizationOptionValuePrefix>84769</CustomizationOptionValuePrefix>
      <Addresses>
        <Address>
          <AddressNumber>1</AddressNumber>
          <AddressTypeCode xsi:nil="true"></AddressTypeCode>
          <City xsi:nil="true"></City>
          <County xsi:nil="true"></County>
          <Country xsi:nil="true"></Country>
          <Fax xsi:nil="true"></Fax>
          <FreightTermsCode xsi:nil="true"></FreightTermsCode>
          <ImportSequenceNumber xsi:nil="true"></ImportSequenceNumber>
          <Latitude xsi:nil="true"></Latitude>
          <Line1 xsi:nil="true"></Line1>
          <Line2 xsi:nil="true"></Line2>
          <Line3 xsi:nil="true"></Line3>
          <Longitude xsi:nil="true"></Longitude>
          <Name xsi:nil="true"></Name>
          <PostalCode xsi:nil="true"></PostalCode>
          <PostOfficeBox xsi:nil="true"></PostOfficeBox>
          <PrimaryContactName xsi:nil="true"></PrimaryContactName>
          <ShippingMethodCode xsi:nil="true"></ShippingMethodCode>
          <StateOrProvince xsi:nil="true"></StateOrProvince>
          <Telephone1 xsi:nil="true"></Telephone1>
          <Telephone2 xsi:nil="true"></Telephone2>
          <Telephone3 xsi:nil="true"></Telephone3>
          <TimeZoneRuleVersionNumber xsi:nil="true"></TimeZoneRuleVersionNumber>
          <UPSZone xsi:nil="true"></UPSZone>
          <UTCOffset xsi:nil="true"></UTCOffset>
          <UTCConversionTimeZoneCode xsi:nil="true"></UTCConversionTimeZoneCode>
        </Address>
        <Address>
          <AddressNumber>2</AddressNumber>
          <AddressTypeCode xsi:nil="true"></AddressTypeCode>
          <City xsi:nil="true"></City>
          <County xsi:nil="true"></County>
          <Country xsi:nil="true"></Country>
          <Fax xsi:nil="true"></Fax>
          <FreightTermsCode xsi:nil="true"></FreightTermsCode>
          <ImportSequenceNumber xsi:nil="true"></ImportSequenceNumber>
          <Latitude xsi:nil="true"></Latitude>
          <Line1 xsi:nil="true"></Line1>
          <Line2 xsi:nil="true"></Line2>
          <Line3 xsi:nil="true"></Line3>
          <Longitude xsi:nil="true"></Longitude>
          <Name xsi:nil="true"></Name>
          <PostalCode xsi:nil="true"></PostalCode>
          <PostOfficeBox xsi:nil="true"></PostOfficeBox>
          <PrimaryContactName xsi:nil="true"></PrimaryContactName>
          <ShippingMethodCode xsi:nil="true"></ShippingMethodCode>
          <StateOrProvince xsi:nil="true"></StateOrProvince>
          <Telephone1 xsi:nil="true"></Telephone1>
          <Telephone2 xsi:nil="true"></Telephone2>
          <Telephone3 xsi:nil="true"></Telephone3>
          <TimeZoneRuleVersionNumber xsi:nil="true"></TimeZoneRuleVersionNumber>
          <UPSZone xsi:nil="true"></UPSZone>
          <UTCOffset xsi:nil="true"></UTCOffset>
          <UTCConversionTimeZoneCode xsi:nil="true"></UTCConversionTimeZoneCode>
        </Address>
      </Addresses>
    </Publisher>
    <RootComponents>
      <RootComponent type="1" schemaName="msdyn_iotdevicecategory" behavior="2" />
      <RootComponent type="62" schemaName="cr483_ragaga" behavior="0" />
      <RootComponent type="80" schemaName="cr483_FELLEXAPP" behavior="0" />
      <RootComponent type="80" schemaName="cr483_ProspectEntry" behavior="0" />
      <RootComponent type="80" schemaName="cr483_ragaga" behavior="0" />
    </RootComponents>
    <MissingDependencies>
      <MissingDependency>
        <Required type="1" schemaName="cr483_prospects" displayName="Prospects" solution="Active" />
        <Dependent type="80" schemaName="cr483_ProspectEntry" displayName="Prospect Entry" />
      </MissingDependency>
      <MissingDependency>
        <Required type="1" schemaName="msdyn_iotdevicecategory" displayName="Categoria de Dispositivo IoT" solution="IoTConnector (1.8.9.7)">
          <package>msdynce_ServiceAnchor (9.0.22112.1020)</package>
        </Required>
        <Dependent type="1" schemaName="msdyn_iotdevicecategory" displayName="Categoria de Dispositivo IoT" />
      </MissingDependency>
      <MissingDependency>
        <Required type="61" schemaName="msdyn_/Images/AppModule_Default_Icon.png" displayName="msdyn_/Images/AppModule_Default_Icon.png" solution="AppModuleWebResources (2.5)" />
        <Dependent type="80" schemaName="cr483_FELLEXAPP" displayName="FELLEX APP" />
      </MissingDependency>
      <MissingDependency>
        <Required type="61" schemaName="msdyn_/Images/AppModule_Default_Icon.png" displayName="msdyn_/Images/AppModule_Default_Icon.png" solution="AppModuleWebResources (2.5)" />
        <Dependent type="80" schemaName="cr483_ProspectEntry" displayName="Prospect Entry" />
      </MissingDependency>
      <MissingDependency>
        <Required type="61" schemaName="msdyn_/Images/AppModule_Default_Icon.png" displayName="msdyn_/Images/AppModule_Default_Icon.png" solution="AppModuleWebResources (2.5)" />
        <Dependent type="80" schemaName="cr483_ragaga" displayName="ragaga" />
      </MissingDependency>
      <MissingDependency>
        <Required type="62" schemaName="cr483_FELLEXAPP" solution="Active" />
        <Dependent type="80" schemaName="cr483_FELLEXAPP" displayName="FELLEX APP" />
      </MissingDependency>
      <MissingDependency>
        <Required type="62" schemaName="cr483_ProspectEntry" solution="Active" />
        <Dependent type="80" schemaName="cr483_ProspectEntry" displayName="Prospect Entry" />
      </MissingDependency>
    </MissingDependencies>
  </SolutionManifest>
</ImportExportXml>